nom;url
Abyss;https://www.philibertnet.com/fr/bombyx/30415-abyss-boite-bleue-3770000010053.html
Kingdomino;https://www.philibertnet.com/fr/blue-orange/44925-kingdomino-3664824001215.html
Kingdom Builder;https://www.philibertnet.com/fr/queen-games/137922-kingdom-builder-anniversary-edition-4010350254479.html
Catan;https://www.philibertnet.com/fr/kosmos/10772-catane-3558380099673.html
Dominion;https://www.philibertnet.com/fr/ystari/8845-dominion-vf-688623101429.html
Les aventuriers du rail - Europe;https://www.philibertnet.com/fr/days-of-wonder/3897-aventuriers-du-rail-europe-les-824968717820.html
Bohnanza;https://www.philibertnet.com/fr/gigamic/10138-bohnanza-vf-boite-metal-3421277803410.html
Battle Line;https://www.philibertnet.com/fr/gmt/7176-battle-line-817054010226.html
Jama√Øca;https://www.philibertnet.com/fr/space-cowboys/7944-jamaica-3558380088264.html
Ni oui ni non;https://www.philibertnet.com/fr/megableu/147441-ni-oui-ni-non-nomade-3760046781512.html
Carcassonne;https://www.philibertnet.com/fr/zman-games/10544-carcassonne-vf-3558380096337.html
Splendor;https://www.philibertnet.com/fr/space-cowboys/27933-splendor-3558380020974.html